hostel_name,City,latitude,longitude,feature,hostel_rating,hostel_landmark,hostel_votes,hostel_contact1,hostel_contact2,hostel_address,hostel_single_share,hostel_double_share,hostel_triple_share,hostel_type,air_conditioner,free_wifi,mess,cleaning_facility,security
Aastha girls hostel,Indore,22.6885487,75.8671628,"For Girls,NonAC,Wifi,Mess",4.95,"Bhawarkuan, Indore",8Votes,9425054749,9826082392,"Indrapuri Colony Main Rd, Indrapuri Colony, Bhanwar Kuwa, Indore, Madhya Pradesh 452014, India",16000,8000,7500,For Girls,NonAC,Wifi,Mess,Cleaning,Security
Aayush Boys For Boys,Indore,22.6837224,75.8613839,"For Boys,NonAC,Wifi,Mess",3,"Bhawarkuan, Indore",7Votes,731 - 2465507,9039003726,"Pipliya Rao, Indore, Madhya Pradesh 452014, India",NA,3500,3000,For Boys,NonAC,Wifi,Mess,Cleaning,Security
Aditi Girls Hostel,Indore,22.6927876,75.8670118,"For Girls,AC,Wifi,Mess",4.3,"Bhawarkuan, Indore",7Votes,9039003424,8878472141,"Bhavarkuan Square, Indore, Madhya Pradesh, India",9000,6500,6300,For Girls,AC,Wifi,Mess,Cleaning,Security
Agrawal Guest House,Indore,22.7538199,75.907994,"For Boys,NonAC,Wifi,Mess",3.4,"Bombay Hospital, Indore",5Votes,8889844406,9589500544,"350-A, Mahalaxmi, Ganesh Nagar Main Rd, near Bank of India, Sector A, Mahalaxmi Nagar, Indore, Madhya Pradesh 452010, India",10000,6000,5500,For Boys,NonAC,Wifi,Mess,Cleaning,Security
Akanksha For Girls,Indore,22.7001285,75.8634777,"For Girls,NonAC,Wifi,Mess",3.3,"Bhawarkuan, Indore",7Votes,0731 - 2360534,9826867583,"Bhawarkua Main Rd, Indrapuri Colony, Bhanwar Kuwa, Indore, Madhya Pradesh, India",NA,5200,5000,For Girls,NonAC,Wifi,Mess,Cleaning,Security
Alka Parihar,Indore,22.7277431,75.8828279,"For Girls,NonAC,Wifi,Mess",3.5,"Janjirwala Square, Indore",8Votes,9926000387,9926000387,"Chandni Apartment, New Palasia, Indore, Madhya Pradesh 452001, India",NA,5000,"4,500",For Girls,NonAC,Wifi,Mess,Cleaning,Security
Aman For Boys,Indore,22.7334613,75.8497947,"For Boys,NonAC,Wifi,Mess",2.3,"Marimata Square, Indore",9Votes,0731 - 4227214,0731 - 4227214,"B1, swami complex, Marimata Rd, Marimata Chouraha, Brahm Bagh Colony, Indore, Madhya Pradesh 452001, India",NA,3000,1700,For Boys,NonAC,Wifi,Mess,Cleaning,Security
Aman Homes,Indore,22.75328,75.904735,"For CoEd,NonAC,Wifi,Mess",3.2,"Bombay Hospital, Indore",8Votes,9826200390,9826290390,"Bombay Hospital, Eastern Ring Rd, Pushp Vihar Colony, Mahalaxmi Nagar, Indore, Madhya Pradesh 452010, India",NA,NA,10000,For CoEd,NonAC,Wifi,Mess,Cleaning,Security
Angal For Girls,Indore,22.7504618,75.8994536,"For Girls,NonAC,Wifi,Mess",3,"Vijay Nagar, Indore",6Votes,0731 - 4222239,0731 - 4222239,"7,8 Ganga Devi Nagar, MR 10 Rd, near Radisson Hotel, Ganga Devi Nagar, Indore, Madhya Pradesh 452011, India",NA,5000,NA,For Girls,NonAC,Wifi,Mess,Cleaning,Security
Apple For Girls,Indore,22.6970555,75.8650415,"For Girls,NonAC,Wifi,Mess",3.2,"Tower Square, Indore",6Votes,0731 - 4005438,8103921021,"No 922 Bhawar Kuan Road, Tower Chauraha, Near, Khatiwala Tank, Indore, Madhya Pradesh 452001, India",6000,5000,4700,For Girls,NonAC,Wifi,Mess,Cleaning,Security
Apple For Girls,Indore,22.7641604,75.8855927,"For Girls,NonAC,Wifi,Mess",3.8,"Ashok Nagar, Indore",8Votes,0731 - 4287462,9691113052,"137,138 Sch No, near Brilliant Convention Centre, Scheme Number 78, Part II, Scheme 78, Vijay Nagar, Indore, Madhya Pradesh 452010, India",6500,4500,5500,For Girls,NonAC,Wifi,Mess,Cleaning,Security
Apple For Girls,Indore,22.6956217,75.866299,"For Girls,NonAC,Wifi,Mess",2.4,"Bhawarkuan, Indore",9Votes,0731 - 4287462,9229238910,"Shop No 11, Bhawarkua Main Rd, opposite RR Fuels Bharat Petrol Pump, Tower Square, Ashok Nagar, Indore, Madhya Pradesh 452001, India",NA,5300,5000,For Girls,NonAC,Wifi,Mess,Cleaning,Security
Apple Girls Hostel indore,Indore,22.6955749,75.8662635,"For Girls,NonAC,Wifi,Mess",3.2,"Bhawarkuan, Indore",5Votes,0731 - 4222239,0731 - 4222239,"11, Bhawarkua main Road, Near SBI ATM Opp. BHARAT PETROL PUMP between bhawarkua and tower square, Tower Chouraha, Ashok Nagar, Indore, Madhya Pradesh 452001, India",7000,6500,6000,For Girls,NonAC,Wifi,Mess,Cleaning,Security
Aradhna For Girls,Indore,22.686373,75.8682617,"For Girls,NonAC,Wifi,Mess",2.8,"Bhawarkuan, Indore",8Votes,9406623820,9424819061,"163, Bhawarkua Main Rd, Indrapuri Colony, Bhanwar Kuwa, Indore, Madhya Pradesh 452001, India",NA,4900,4400,For Girls,NonAC,Wifi,Mess,Cleaning,Security
Asha Home,Indore,22.75252,75.8989121,"For Girls,NonAC,Wifi,Mess",3.5,"Vijay Nagar, Indore",6Votes,0731 - 4059410,7509938807,"42, Maa Ambika Nagar Behind Mangal City Mall Near Vijay Nagar, Bhagyashree Colony, Indore, Madhya Pradesh 452010, India",NA,"5,900","5,000",For Girls,NonAC,Wifi,Mess,Cleaning,Security
Ashirwad Unique For Girls,Indore,22.7230848,75.8652316,"For Girls,NonAC,Wifi,Mess",2.6,"Jail Road, Indore",5Votes,0731 - 2543119,9300262220,"C-10, Poddar Plaza, near Shastri Market, New Siyaganj, Indore, Madhya Pradesh 452001, India",NA,2200,3000,For Girls,NonAC,Wifi,Mess,Cleaning,Security
Ashiyana For Girls,Indore,22.7121068,75.873815,"For Girls,NonAC,Wifi,Mess",3.6,"Madhumilan Square, Indore",7Votes,0731 - 4096446,0731 - 4096446,"Near 5 Kibe Compound, Opposite Anand Petrol Pump Kamla Nehru School, Road, Kibe Compound, Indore, Madhya Pradesh 452007, India",NA,5700,5300,For Girls,NonAC,Wifi,Mess,Cleaning,Security
Ashray For Boys,Indore,22.7425687,75.8970056,"For Boys,NonAC,Wifi,Mess",3.6,"Malviya Nagar, Indore",7Votes,9826030203,9826030203,"Scheme No. 54, Malviya Nagar, MR 9 Rd, opposite Barfani Dham, Malviya Nagar, Indore, Madhya Pradesh 452008, India",NA,4000,12000,For Boys,NonAC,Wifi,Mess,Cleaning,Security
Baba Kripa For Boys,Indore,22.7364123,75.8961313,"For Boys,NonAC,Wifi,Mess",3.1,"Press Complex, Indore",7Votes,9893883789,9893362886,"45, Anurag Nagar, behind Press Complex, Sunil Nagar, Krishna Bagh Colony, Indore, Madhya Pradesh 452001, India",NA,1700,NA,For Boys,NonAC,Wifi,Mess,Cleaning,Security
Bhagyalaxmi For Boys,Indore,22.7488963,75.9000885,"For Boys,NonAC,Wifi,Mess",3.2,"Vijay Nagar, Indore",5Votes,9754084007,9424084007,"246, Ward 35, Adarsh Meghdoot Nagar, Indore, Madhya Pradesh 452010, India",3000,2000,1750,For Boys,NonAC,Wifi,Mess,Cleaning,Security
Bhagyalaxmi For Girls,Indore,22.7181449,75.8874301,"For Girls,NonAC,Wifi,Mess",2.6,"Geeta Bhawan, Indore",9Votes,9424515236,9926523916,"No. 13C, Geeta Bhawan Main Road, Near Geeta Bhawan Mandir, Kailash Park, Manoramaganj, Kailash Park Colony, Indore, Madhya Pradesh 452001, India",NA,8000,6000,For Girls,NonAC,Wifi,Mess,Cleaning,Security
Bhakti Apartment Only Boys,Indore,22.6844633,75.8639934,"For Boys,NonAC,Wifi,Mess",3,"Bhawarkuan, Indore",7Votes,9826226930,9826226930,"Bholaram Ustad Marg, Indore, Madhya Pradesh 452014, India",NA,"4,000",NA,For Boys,NonAC,Wifi,Mess,Cleaning,Security
Bhakti Sidhhant Saraswati For Boys,Indore,22.6942204,75.8676516,"For Boys,NonAC,Wifi,Mess",3.3,"Bhawarkuan, Indore",9Votes,9893166165,9753155637,"34, Bhawarkua Main Rd, Professor Colony, Indore, Madhya Pradesh 452001, India",NA,NA,2000,For Boys,NonAC,Wifi,Mess,Cleaning,Security
Chahat For Boys,Indore,22.6929707,75.8665465,"For Boys,NonAC,Wifi,Mess",3.2,"Bhawarkuan, Indore",6Votes,0731 - 4208174,9098941251,"Sch. N. 44-B, Bhawarkua Main Rd, opp. Police Station, Bhavarkuan Square, Aditya Nagar, Siddharth Nagar, Indore, Madhya Pradesh 452001, India",NA,NA,2800,For Boys,NonAC,Wifi,Mess,Cleaning,Security
Deeksha For Boys,Indore,22.7699632,75.9007514,"For Boys,NonAC,Wifi,Mess",3.5,"Satya Sai Square, Indore",11Votes,8370000930,8839048424,"Scheme No 114, 409/416, AB Rd, Part I, Sant Nagar, Indore, Madhya Pradesh 452010, India","9,500","6,100","5,600",For Boys,NonAC,Wifi,Mess,Cleaning,Security
Dev boys hostel,Indore,22.6815121,75.8630311,"For Boys,NonAC,Wifi,Mess",3.4,"Bhawarkuan, Indore",7Votes,0731 - 4087209,0731 - 4087209,"32, Sector A, Hargovind Nagar, Pipliya Rao, Indore, Madhya Pradesh 452014, India",9000,7000,6000,For Boys,NonAC,Wifi,Mess,Cleaning,Security
DS For Girls,Indore,22.7261507,75.8871804,"For Girls,NonAC,Wifi,Mess",2.9,"Old Palasia, Indore",7Votes,8821972000,8821972000,"10, 10, UCO Bank - New Palasia Branch, Gold Stone Building, Lala Banarasilal Dawar Marg, Near 56 Dukan, New Palasia, Indore, Madhya Pradesh 452001, India",NA,NA,5500,For Girls,NonAC,Wifi,Mess,Cleaning,Security
Dulce Domum For Girls,Indore,22.7148731,75.8898845,"For Girls,NonAC,Wifi,Mess",2.8,"Geeta Bhawan, Indore",8Votes,0731 - 4099932,9406811265,"Geeta Bhavan, Indore, Madhya Pradesh 452001, India",NA,8000,6000,For Girls,NonAC,Wifi,Mess,Cleaning,Security
Empire Girls hostel,Indore,22.6931256,75.8626547,"For Girls,NonAC,Wifi,Mess",4.1,"Bhawarkuan, Indore",6Votes,9826660019,8770718271,"Aditya Nagar, Vishnu Puri Colony, Indore, Madhya Pradesh 452014, India",9000,7500,6000,For Girls,NonAC,Wifi,Mess,Cleaning,NA
Fifth Avenue - Boys Hostel,Indore,22.7532848,75.8936962,"For Boys,NonAC,NonWifi,NA",3.5,"Vijay Nagar, Indore",6Votes,0731 - 2532393,0731 - 2532393,"Prestige Vihar, opposite to Life Care Hospital, Scheme No 74C, Vijay Nagar, Indore, Madhya Pradesh 452010, India",6000,5000,4000,For Boys,NonAC,NonWifi,NA,Cleaning,Security
Fifth Avenue-For Boys,Indore,22.7614058,75.8871407,"For Boys,NonAC,Wifi,Mess",4.5,"Vijay Nagar, Indore",1Vote,9039003424,8878472141,"5, Scheme 78, Main Rd, opp. Prestige Engg. College, Scheme Number 78, Part II, Vijay Nagar, Indore, Madhya Pradesh 452010, India",8000,4000,3500,For Boys,NonAC,Wifi,Mess,Cleaning,Security
Girls Paradise Hostel,Indore,22.7516441,75.8951858,"For Girls,NonAC,Wifi,Mess",3.1,"Vijay Nagar, Indore",7Votes,9713662039,9111425587,"Vijay Nagar Square, Vijay Nagar, Indore, Madhya Pradesh 452010, India",NA,"6,500",NA,For Girls,NonAC,Wifi,Mess,Cleaning,Security
Gokul Residency girls hostel,Indore,22.7559257,75.8889281,"For Girls,NonAC,Wifi,Mess",4.5,"Vijay Nagar, Indore",6Votes,9303099998,9303099998,"17 Ff Sector F Sch .54, Scemen No 54, Vijay Nagar, Indore, 09182850970. call meMadhya Pradesh, Scemen No 54, Scheme No 54, Indore, Madhya Pradesh 452001, India",12000,6000,6000,For Girls,NonAC,Wifi,Mess,Cleaning,Security
Guru Prasad For Girls,Indore,22.7369405,75.8901042,"For Girls,NonAC,Wifi,Mess",2.7,"MIG Square, Indore",6Votes,0731 - 2572378,0731 - 2572378,"D - 19, Prime Residency, Flat No. 203, HIG Colony behind Shopping Complex Near LIG Square, Opposite Shoppers Stop, LIG Colony, Indore, Madhya Pradesh 452018, India",3200,2750,2750,For Girls,NonAC,Wifi,Mess,Cleaning,Security
Gurukripa Girls Hostel,Indore,22.6927778,75.8637655,"For Girls,NonAC,NonWifi,Mess",3.33,"Bhawarkuan, Indore",8Votes,7566863205,7566863205,"Aditya Nagar, Vishnu Puri Colony, Indore, Madhya Pradesh 452014, India",7500,6000,6000,For Girls,NonAC,NonWifi,Mess,Cleaning,Security
Happy For Boys,Indore,22.7014571,75.8625635,"For Boys,NonAC,Wifi,Mess",3.7,"Bhawarkuan, Indore",15Votes,9039377446,9039377446,"2nd & 3rd Floor,22/2Bairathi Colony Main Road Near Sindhi Colony Square, Bhawarkua Main Rd, Bairathi Colony, Khatiwala Tank, Indore, Madhya Pradesh 452001, India",4000,2500,NA,For Boys,NonAC,Wifi,Mess,Cleaning,Security
Hariom For Girls,Indore,22.7410716,75.7824301,"For Girls,NonAC,Wifi,Mess",4.1,Indore,5Votes,731 - 4274112,0731 - 4274112,"50, Siddharth Nagar, Gandhi Nagar, Indore, Madhya Pradesh 453112, India",NA,3000,,For Girls,NonAC,Wifi,Mess,Cleaning,Security
Harshika Girls Hostel,Indore,22.6961476,75.8645616,"For Girls,NonAC,Wifi,Mess",3.5,"Bhawarkuan, Indore",5Votes,0731 - 4208174,9098941251,"16, Gurmeet Nagar, opposite ICICI Bank, Tower Chouraha, Bhanwarkua, Indore, Madhya Pradesh 452001, India",7500,6000,6000,For Girls,NonAC,Wifi,Mess,Cleaning,Security
Harsiddhi Nilayam girl's Hostel,Indore,22.767186,75.8825784,"For Girls,NonAC,Wifi,Mess",3.5,"Vijay Nagar, Indore",7Votes,0731 - 2573366,9425060793,"B-720, near, SICA School Rd, Scheme No 136, Bulandshahr, Vijay Nagar, Indore, Madhya Pradesh 452001, India",9000,6500,5500,For Girls,NonAC,Wifi,Mess,Cleaning,Security
Indore Guest House,Indore,22.7500894,75.9027734,"For Boys,NonAC,Wifi,Mess",3,"Bombay Hospital, Indore",8Votes,9993332176,9981912176,"12, Ring Rd, Scheme No 171, Indore, Madhya Pradesh 452010, India",NA,"5,500","5,100",For Boys,NonAC,Wifi,Mess,Cleaning,Security
Indore Guest House For Boys,Indore,22.7544218,75.8989057,"For Boys,NonAC,Wifi,Mess",4,"Vijay Nagar, Indore",5Votes,9993332176,8982007007,"QV3X+QH6, Vijay Nagar, Indore, Madhya Pradesh 452010, India",NA,NA,,For Boys,NonAC,Wifi,Mess,Cleaning,Security
J S P Princess Residency For Girls,Indore,22.6991629,75.8671037,"For Girls,NonAC,Wifi,Mess",4,"Sneh Nagar, Indore",5Votes,731 - 2363770,9425937700,"Sapna Sangeeta Rd, Snehnagar, Indore, Madhya Pradesh 452007, India",NA,5000,4000,For Girls,NonAC,Wifi,Mess,Cleaning,Security
Jai Ranjeet Girls Hostel,Indore,22.6974585,75.8712145,"For Boys,NonAC,Wifi,Mess",3.8,"Tower Square, Indore",5Votes,9827600000,9827600000,"81, Janki Nagar Extension, Janki Nagar, Indore, Madhya Pradesh 452001, India",10200,7000,5800,For Boys,NonAC,Wifi,Mess,NA,Security
Jain Diwakar For Girls,Indore,22.7266713,75.8872403,"For Girls,NonAC,Wifi,Mess",2.9,"Old Palasia, Indore",8Votes,0731 - 2537150,0731 - 2537150,"AB Rd, near Sangam House, New Palasia, Indore, Madhya Pradesh 452001, India",NA,5150,4950,For Girls,NonAC,Wifi,Mess,Cleaning,Security
Jain Girls Hostel,Indore,22.6857716,75.8639256,"For Girls,AC,Wifi,Mess",4,"Bhawarkuan, Indore",7Votes,0731 - 2703981,4289914,"Bholaram Ustad Market, Indore, Madhya Pradesh 452014, India",12000,7500,6800,For Girls,AC,Wifi,Mess,Cleaning,Security
JAS PRAKASH BOYS HOSTEL,Indore,22.6969607,75.8668303,"For Boys,NonAC,Wifi,Mess",4,"Bhawarkuan, Indore",8Votes,9993773990,9993773990,"Ashok Nagar, Indore, Madhya Pradesh 452001, India",13000,10000,8000,For Boys,NonAC,Wifi,Mess,Cleaning,Security
Jas Prakash For Boys,Indore,22.6967886,75.8656729,"For Boys,NonAC,Wifi,Mess",3.4,"Bhawarkuan, Indore",7Votes,0731 - 4050038,4044600,"3/4, Anjani Plaza, Bhawarkua Main Rd, Near ICICI Bank, Ashok Nagar, Indore, Madhya Pradesh 452001, India",NA,NA,2000,For Boys,NonAC,Wifi,Mess,Cleaning,Security
JSP Princes Residency For Girls,Indore,22.6994747,75.8667118,"For Girls,NonAC,Wifi,Mess",3.4,"Sapna Sangeeta Road, Indore",8Votes,0731 - 2363770,9425937700,"30, Patel Nagar, Sneh Nagar Main Road Opp, Sapna Sangeeta Rd, Sindhi Colony, Indore, Madhya Pradesh 452001, India",NA,NA,6750,For Girls,NonAC,Wifi,Mess,Cleaning,Security
K.M. Girls Hostel,Indore,22.762337,75.90052,"For Girls,AC,Wifi,Mess",4,"Vijay Nagar, Indore",9Votes,7869957087,9827222348,"1, Part II, Shalimar Township, Indore, Madhya Pradesh 452010, India",9000,6900,5000,For Girls,AC,Wifi,Mess,Cleaning,Security
K2k boys hostel ,Indore,22.6872338,75.8660294,"For Boys,NonAC,Wifi,Mess",4,"Bhawarkuan, Indore",7Votes,9826200094,7771000231,"401, Indra Puri Colony, Indrapuri Colony, Bhanwar Kuwa, Indore, Madhya Pradesh 452014, India",6500,6000,5500,For Boys,NonAC,Wifi,Mess,Cleaning,Security
K2K For Boys,Indore,22.6917023,75.8659957,"For Boys,NonAC,Wifi,Mess",3.2,"Bhawarkuan, Indore",6Votes,9584910000,9584910000,"125 , Bhawarkua square near gurjar hospital, Vishnu Puri Colony, Indore, Madhya Pradesh 452001, India",NA,"6,000","5,000",For Boys,NonAC,Wifi,Mess,Cleaning,Security
Kalp For Girls,Indore,22.7197259,75.9074173,"For Girls,NonAC,Wifi,Mess",3.2,"Mahalaxmi Nagar, Indore",6Votes,7566863205,7566863205,"8/2, Kanadia Main Rd, Bangali Chowk, Preethi Nagar, Indore, Madhya Pradesh 452016, India",NA,NA,3000,For Girls,NonAC,Wifi,Mess,Cleaning,Security
Karnawat For Boys,Indore,22.7577065,75.9145344,"For Boys,NonAC,Wifi,Mess",2.8,"Bombay Hospital, Indore",5Votes,8085954486,9425065586,"near Bombay Hospital, Sector R, Mahalaxmi Nagar, Indore, Madhya Pradesh 452010, India",3500,2000,NA,For Boys,NonAC,Wifi,Mess,Cleaning,Security
Kirti Boys Hostel,Indore,22.6741666,75.8797823,"For Boys,NonAC,Wifi,Mess",4.3,"Bhawarkuan, Indore",8Votes,0731 - 2497225,0731 - 2497225,"Khandwa Rd, Sant Nagar, Indore, Madhya Pradesh, India",9000,7000,5000,For Boys,NonAC,Wifi,Mess,Cleaning,Security
Krishna For Boys,Indore,22.7136061,75.8781544,"For Boys,NonAC,Wifi,Mess",3.8,"M Y Hospital, Indore",9Votes,8871390009,9753041434,"CRP Line, Indore, Madhya Pradesh 452001, India",NA,6000,NA,For Boys,NonAC,Wifi,Mess,Cleaning,Security
Krishna For Girls,Indore,22.75252,75.8989121,"For Girls,NonAC,Wifi,Mess",2.6,"Vijay Nagar, Indore",5Votes,9752111118,9630784804,"42, Maa Ambika Nagar Behind Mangal City Mall Near Vijay Nagar, Bhagyashree Colony, Indore, Madhya Pradesh 452010, India","3,000","5,100","2,000",For Girls,NonAC,Wifi,Mess,Cleaning,Security
Krishnashray Boys Hostel,Indore,22.6619182,75.823487,"For Girls,NonAC,Wifi,Mess",3.75,"Vijay Nagar, Indore",7Votes,7566661404,8982830392,"123, AB Rd, Gamle Wale Puliya, Royal Krishna Bunglows, Indore, Madhya Pradesh 453331, India",5000,6000,8000,For Girls,NonAC,Wifi,Mess,NA,NA
Kyra Boys Hostel,Indore,22.7571261,75.888992,"For Boys,NonAC,NonWifi,Mess",4.5,"Vijay Nagar, Indore",8Votes,9111110516,9111110516,"165, near Prestige School & Allen Coaching, Vijay Nagar, Sector DK1, Scheme No 74C, Indore, Madhya Pradesh 452001, India",2000,2000,2000,For Boys,NonAC,NonWifi,Mess,Cleaning,Security
Lakshya For Girls,Indore,22.6863729,75.8634888,"For Girls,NonAC,Wifi,Mess",3.2,"Bholaram Ustad Marg, Indore",5Votes,0731 - 4902927,0731 - 4902927,"Bholaram Ustad Marg, Bholaram Ustad Market, Brahmapuri Colony, Bhanwar Kuwa, Indore, Madhya Pradesh 452014, India",NA,3700,3000,For Girls,NonAC,Wifi,Mess,Cleaning,Security
Lal Kamal Girls Hostel,Indore,22.6911173,75.8670545,"For Girls,NonAC,Wifi,Mess",3.5,"Bhawarkuan, Indore",8Votes,0731 - 2572378,0731 - 2572378,"C 25, Bhawarkua Main Rd, Indrapuri Colony, Bhanwar Kuwa, Indore, Madhya Pradesh 452014, India",9000,5500,5000,For Girls,NonAC,Wifi,Mess,Cleaning,Security
Lalmani For Girls,Indore,22.754501,75.9035451,"For Girls,NonAC,Wifi,Mess",4.1,"Bombay Hospital, Indore",12Votes,0731 - 4244737,9826064564,"IDA Scheme, No.94, 95, Eastern Ring Rd, Tulsi Nagar, Vijay Nagar, Indore, Madhya Pradesh 452010, India",NA,NA,5700,For Girls,NonAC,Wifi,Mess,Cleaning,Security
Lav Kush For Boys,Indore,22.7141604,75.8739021,"For Boys,NonAC,Wifi,Mess",2.8,"M G Road, Indore",6Votes,9893072835,9926039045,"3, S Tukoganj Rd, Slice 2, South Tukoganj, Indore, Madhya Pradesh 452001, India",NA,NA,4200,For Boys,NonAC,Wifi,Mess,Cleaning,Security
Looks For Girls,Indore,22.6901345,75.8676187,"For Girls,NonAC,Wifi,Mess",2.7,"Bhawarkuan, Indore",7Votes,9425900697,8821867000,"124, Indrapuri Colony Main Rd, Indrapuri Colony, Bhanwar Kuwa, Indore, Madhya Pradesh 452001, India",NA,5900,5400,For Girls,NonAC,Wifi,Mess,Cleaning,Security
Maa Ashirwad For Boys,Indore,22.7181005,75.8846002,"For Boys,NonAC,Wifi,Mess",3,"Geeta Bhawan, Indore",7Votes,0731 - 2495012,9424083663,"202 Apollo trade center AB Road Manormaganj Area 2-B, Rajgarh Kothi Geeta Bhawan Square, A.B.Road on, BRTS, above Karur Vysya Bank/Allen, Rajgarh Kothi, Manorama Ganj, Indore, Madhya Pradesh 452001, India",NA,NA,2200,For Boys,NonAC,Wifi,Mess,Cleaning,Security
Maa Narmada Nimar Girls hostel,Indore,22.691486,75.8627395,"For Girls,NonAC,Wifi,Mess",4.1,"Bhawarkuan, Indore",9Votes,9826082392,9425054749,"196, Vishnupuri Nx Colony, Vishnu Puri Colony, Indore, Madhya Pradesh 452001, India",9000,5300,5000,For Girls,NonAC,Wifi,Mess,Cleaning,Security
Maa Sharda For Boys,Indore,22.7978797,75.8453795,"For Boys,NonAC,Wifi,Mess",2.3,"Arbindo Hospital, Indore",6Votes,8719067068,8719067068,"Indore Ujjain, State Highway, Bhawrasla, Indore, Madhya Pradesh 452007, India",2000,3000,NA,For Boys,NonAC,Wifi,Mess,Cleaning,Security
Madhur For Boys,Indore,22.761438,75.87025,"For Boys,NonAC,Wifi,Mess",3.2,"Bapat Square, Indore",6Votes,9826660019,8770718271,"Veena Nagar, Heera Nagar, Sukhlia, Indore, Madhya Pradesh 452010, India",NA,7000,NA,For Boys,NonAC,Wifi,Mess,Cleaning,Security
Mahesh Blind For Girls & School,Indore,22.7555131,75.897785,"For Girls,NonAC,Wifi,Mess",2.7,"Bombay Hospital, Indore",6Votes,0731 - 2554757,,"Scheme No. 54, A.B. Road, Vijay Nagar, Scheme No 54, Indore, Madhya Pradesh 452010, India",NA,6000,5000,For Girls,NonAC,Wifi,Mess,Cleaning,Security
Maheshwari For Girls,Indore,22.7087654,75.876985,"For Girls,NonAC,Wifi,Mess",3.3,"Chhawani, Indore",8Votes,9425903260,9425064600,"18, 4, Ushaganj, Chhawni, Indore, Madhya Pradesh 452001, India",NA,4500,4300,For Girls,NonAC,Wifi,Mess,Cleaning,Security
Maheshwari For Girls,Indore,22.6568749,75.8859585,"For Girls,NonAC,Wifi,Mess",3.3,"Chhawani, Indore",10Votes,9425903260,9425064600,"10, 8, Ushaganj, Chhawni, Indore, Madhya Pradesh 452001, India",NA,4500,4300,For Girls,NonAC,Wifi,Mess,Cleaning,Security
Matra Pitra kripa Bhawan,Indore,22.717592,75.861827,"For Boys,NonAC,NonWifi,NA",3,"Chhawani, Indore",8Votes,9826200390,9826290390,"101, Ranipura Main Rd, opp. Bhaiyya Ji Pyao, Jagjivan Ram Mohalla, Nayi Bagad, Ranipura, Indore, Madhya Pradesh 452002, India",5000,4500,4000,For Boys,NonAC,NonWifi,NA,NA,NA
Matrachaya,Indore,22.7332236,75.8916546,"For Girls,NonAC,Wifi,Mess",5,"LIG Square, Indore",4Votes,0731 - 4225100,2571144,"180, LIG Link Rd, Anoop Nagar, Indore, Madhya Pradesh 452011, India",NA,4500,3500,For Girls,NonAC,Wifi,Mess,Cleaning,Security
Maya Devi For Boys,Indore,22.7168266,75.8904021,"For Boys,NonAC,Wifi,Mess",2.9,"Geeta Bhawan, Indore",10Votes,0731 - 4038920,9425074000,"13/14A, Seva Sardar Nagar, Indore, Madhya Pradesh 452001, India",6000,6000,5000,For Boys,NonAC,Wifi,Mess,Cleaning,Security
Meenakshi For Girls,Indore,22.6919473,75.8660795,"For Girls,NonAC,Wifi,Mess",3,"Bhawarkuan, Indore",8Votes,0731 - 2468011,0731 - 2468011,"2-3, Scheme No. 44, Bhawarkua Square, AB Rd, Vishnu Puri Colony, Indore, Madhya Pradesh 452001, India","4,200","3,200",NA,For Girls,NonAC,Wifi,Mess,Cleaning,Security
Meenu Girls hostel,Indore,22.7372079,75.8900928,"For Girls,AC,NonWifi,Mess",3,"LIG Square, Indore",5Votes,9993332176,9981912176,"D 19, HIG Colony, Indore, Madhya Pradesh 452011, India",9000,6800,6200,For Girls,AC,NonWifi,Mess,Cleaning,NA
My Choice For Girls,Indore,22.754501,75.9035451,"For Girls,NonAC,Wifi,Mess",2.4,"Bombay Hospital, Indore",10Votes,7747858700,7747858700,"IDA Scheme, No.94, 95, Eastern Ring Rd, Tulsi Nagar, Vijay Nagar, Indore, Madhya Pradesh 452010, India",NA,4000,3500,For Girls,NonAC,Wifi,Mess,Cleaning,Security
My choice girls hostel,Indore,22.6862625,75.8683594,"For Boys,AC,Wifi,Mess",4.4,"Bhawarkuan, Indore",8Votes,9893072835,9926039045,"MVP9+G85 Indore, Madhya Pradesh, India",9500,9000,8000,For Boys,AC,Wifi,Mess,Cleaning,Security
N R For Girls,Indore,22.7286632,75.8852936,"For Girls,NonAC,Wifi,Mess",2,"New Palasia, Indore",7Votes,0731 - 2490162,0731 - 2490162,"5/6, Jimnaz Villa, Chappan Dukaan Marg, New Palasia, behind Dhobi Ghat, New Palasia, Indore, Madhya Pradesh 452001, India",NA,"5,500",NA,For Girls,NonAC,Wifi,Mess,Cleaning,Security
Neha Girls Hostel,Indore,22.6945715,75.8674109,"For Girls,AC,Wifi,Mess",3.6,"Bhawarkuan, Indore",7Votes,7566661404,8982830392,"39, Bhawarkua Main Rd, Bhawarkua, Navlakha, Indore, Madhya Pradesh 452001, India",12000,9000,8000,For Girls,AC,Wifi,Mess,Cleaning,Security
Net Guru PG Girls,Indore,22.6895622,75.8658403,"For Girls,NonAC,Wifi,Mess",3.3,"Bhawarkuan, Indore",6Votes,0731 - 4075559,9755588862,"Ahilya Puri, Indrapuri Colony, Bhanwar Kuwa, Indore, Madhya Pradesh 452014, India",NA,5500,5200,For Girls,NonAC,Wifi,Mess,Cleaning,Security
New Jain For Boys,Indore,22.721038,75.89863,"For Boys,NonAC,Wifi,Mess",3,"Bombay Hospital, Indore",8Votes,9039156864,9827638501,"Tilak Nagar, Goyal Nagar, Sanvid Nagar, Indore, Madhya Pradesh 452018, India",NA,6000,NA,For Boys,NonAC,Wifi,Mess,Cleaning,Security
New SD For Girls,Indore,22.7130261,75.8839443,"For Girls,NonAC,Wifi,Mess",3.1,"M Y Hospital, Indore",7Votes,0731 - 4258322,7566734847,"Regency Arcade, G-6, Navratan Bagh Rd, Near Suyash Hospital, Red Church Colony, Manorama Ganj, Indore, Madhya Pradesh 452001, India","6,500","5,500",5500,For Girls,NonAC,Wifi,Mess,Cleaning,Security
New Shree For Boys,Indore,22.7621001,75.8818986,"For Girls,NonAC,Wifi,Mess",2.9,"Scheme No. 78 - Part I, Indore",7Votes,7771000234,7771000231,"Sanathan House, Df-23, near Brilliant Convention Centre, Scheme No 74C, Vijay Nagar, Indore, Madhya Pradesh 452110, India",NA,6400,NA,For Girls,NonAC,Wifi,Mess,Cleaning,Security
Nigams House Boys PG,Indore,22.7211202,75.8906275,"For Boys,NonAC,Wifi,Mess",3.4,"Manorama Ganj, Indore",5Votes,0731 - 2490949,9826448184,"34, SHANTI NAGAR, 2ND LINE, near GEETA BHAWAN MANDIR, near PALASIA, Manorama Ganj, Indore, Madhya Pradesh 452001, India",NA,3500,3500,For Boys,NonAC,Wifi,Mess,Cleaning,Security
Nilgiri For Boys,Indore,22.7374958,75.8919296,"For Boys,NonAC,Wifi,Mess",3.3,"Press Complex, Indore",12Votes,9893018726,9589477114,"4, 54, AB Rd, Press Complex, Indore, Madhya Pradesh 452017, India",NA,NA,6000,For Boys,NonAC,Wifi,Mess,Cleaning,Security
Nirmal Anand For Boyss,Indore,22.7460192,75.8812544,"For Boys,NonAC,Wifi,Mess",3.1,"Nanda Nagar, Indore",5Votes,9303099998,9303099998,"1209, 11, Nanda Nagar Main Rd, Near Majdur Chowk, Nanda Nagar, Indore, Madhya Pradesh 452001, India",10000,6000,5500,For Boys,NonAC,Wifi,Mess,Cleaning,Security
Oasis Boys Villa,Indore,22.6788789,75.8244108,"For Boys,NonAC,Wifi,Mess",3.3,"Rajendra Nagar, Indore",15Votes,9425054749,9826082392,"215/B, 10, Surya Dev Nagar, Indore, Madhya Pradesh 452012, India",NA,6000,5500,For Boys,NonAC,Wifi,Mess,Cleaning,Security
Oasis For Boys,Indore,22.6707371,75.828575,"For Boys,NonAC,Wifi,Mess",3.2,"Rajendra Nagar, Indore",18Votes,9425054749,9826082392,"3C, Rajendra Nagar, Indore, Madhya Pradesh 452012, India",NA,6000,5500,For Boys,NonAC,Wifi,Mess,Cleaning,Security
Oasis For Girls,Indore,22.6707371,75.828575,"For Girls,NonAC,Wifi,Mess",3.4,"Rajendra Nagar, Indore",19Votes,9425054749,9826082392,"3C, Rajendra Nagar, Indore, Madhya Pradesh 452012, India",NA,6000,5500,For Girls,NonAC,Wifi,Mess,Cleaning,Security
Oasis Studio Apartment,Indore,22.6762088,75.8259644,"For CoEd,NonAC,Wifi,Mess",2.8,"Rajendra Nagar, Indore",19Votes,9826082392,9425054749,"163, Scheme no 97/4, Slice 4 VIP Paraspar Nagar Narmada Square, Scheme 97, Vip Paraspar Nagar, Indore, Madhya Pradesh 452012, India",6000,5500,NA,For CoEd,NonAC,Wifi,Mess,Cleaning,Security
Om Sai Ram Hostel,Indore,22.6939541,75.8665271,"For Boys,AC,Wifi,Mess",3.2,"Bhawarkuan, Indore",7Votes,9111110999,9300084888,"16/20, 2/1, Bhawarkua Main Rd, Sahid Bagat Singh Colony, Ashok Nagar, Mechanic Nagar, Indore, Madhya Pradesh 452001, India",12000,7000,7000,For Boys,AC,Wifi,Mess,Cleaning,Security
Pallavi Shree girls hostel,Indore,22.686232,75.867757,"For Girls,AC,Wifi,Mess",4.2,"Bhawarkuan, Indore",7Votes,0731 - 2493272,0731 - 2493272,"276, Indrapuri Colony, Indra Puri Colony, Indore, Madhya Pradesh 452014, India",9000,6500,6000,For Girls,AC,Wifi,Mess,Cleaning,Security
Param Bhawan For Girls,Indore,22.6879868,75.8626782,"For Girls,NonAC,Wifi,Mess",3.4,"Bhawarkuan, Indore",7Votes,0731 - 4032757,9926357327,"AB Road & Bholaram Ustad Marg, Sarvanand Nagar, Bhanwar Kuwa, Indore, Madhya Pradesh 452014, India",5500,4800,4500,For Girls,NonAC,Wifi,Mess,Cleaning,Security
Paying Guest/PG,Indore,22.7567606,75.888819,"For Girls,NonAC,Wifi,Mess",3.2,"Vijay Nagar, Indore",7Votes,9425317027,9425317027,"BF 28 Gurjar Square Scheme No. 54, near Rajshree Hospital, Bhanvarkuan, Scheme No 74, Vijay Nagar, Indore, Madhya Pradesh 452010, India",NA,4500,4000,For Girls,NonAC,Wifi,Mess,Cleaning,Security
Pearl For Girls,Indore,22.6901345,75.8676187,"For Girls,NonAC,Wifi,Mess",3,"Bhawarkuan, Indore",5Votes,9826748358,9926486404,"124, Indrapuri Colony Main Rd, Indrapuri Colony, Bhanwar Kuwa, Indore, Madhya Pradesh 452001, India",NA,"5,800","5,500",For Girls,NonAC,Wifi,Mess,Cleaning,Security
Pearl Girls hostel,Indore,22.6819541,75.8638205,"For Girls,NonAC,Wifi,Mess",3.75,"Bhawarkuan, Indore",5Votes,0731 - 2537150,0731 - 2537150,"Bholaram Ustad Marg, Nanak Palace, Indore, Madhya Pradesh 452014, India",5500,5500,5500,For Girls,NonAC,Wifi,Mess,Cleaning,Security
PG For Boys,Indore,22.7532848,75.8936962,"For Boys,NonAC,Wifi,Mess",3.2,"Vijay Nagar, Indore",6Votes,9893631116,9893631116,"41 -A, Sheetal nagar, near rana girls hostel ,Vijay nagar,in, behind BCM heights, Vijay Nagar, Indore, Madhya Pradesh 452010, India",NA,2500,3000,For Boys,NonAC,Wifi,Mess,Cleaning,Security
Placio,Indore,22.7559257,75.8889281,"For Boys,NonAC,Wifi,Mess",4,"Vijay Nagar, Indore",7Votes,7053109531,7053109531,"Plot No 196 EH Sector EK, Scheme No.54, Scemen No 54, Vijay Nagar, Indore, Madhya Pradesh 452010, India",NA,6000,5000,For Boys,NonAC,Wifi,Mess,Cleaning,Security
Pragati For Girls,Indore,22.7322578,75.8893409,"For Girls,NonAC,Wifi,Mess",3.2,"LIG Square, Indore",34Votes,9893555665,9752173438,"AB Rd, near L.I.G Square, Rss Nagar, Indore, Madhya Pradesh 452008, India",7000,5700,5000,For Girls,NonAC,Wifi,Mess,Cleaning,Security
Preeti Girls Hostel,Indore,22.6898629,75.8665781,"For Girls,NonAC,Wifi,Mess",3.43,"Bhawarkuan, Indore",7Votes,0731 - 4257838,0731 - 4257838,"133, Indrapuri Colony Main Rd, Indrapuri Colony, Bhanwar Kuwa, Indore, Madhya Pradesh 452001, India",9000,7200,6800,For Girls,NonAC,Wifi,Mess,NA,NA
Princess Nest For Girls,Indore,22.7530419,75.8935306,"For Girls,NonAC,Wifi,Mess",2.7,"Vijay Nagar, Indore",7Votes,9981738817,9981738817,"7/9, Ida Officers Colony, Vijay Nagar, Indore, Madhya Pradesh 452010, India",2000,4800,NA,For Girls,NonAC,Wifi,Mess,Cleaning,Security
Prograssive For Boys,Indore,22.7217581,75.863183,"For Boys,NonAC,Wifi,Mess",3,"M G Road, Indore",5Votes,7869957087,9827222348,"15-A, near Gurudwara & District Court, Sikh Mohalla, Indore, Madhya Pradesh 452007, India",7000,6000,5500,For Boys,NonAC,Wifi,Mess,Cleaning,Security
Queens Campus For Girls,Indore,22.6919473,75.8660795,"For Girls,NonAC,Wifi,Mess",2.8,"Bhawarkuan, Indore",6Votes,0731 - 4087209,0731 - 4087209,"2-3, Scheme No. 44, Bhawarkua Square, AB Rd, Vishnu Puri Colony, Indore, Madhya Pradesh 452001, India",10000,6000,5500,For Girls,NonAC,Wifi,Mess,Cleaning,Security
QUEENS COURT (Girls & Working women hostel),Indore,22.6960726,75.866007,"For Girls,NonAC,NonWifi,Mess",4,"Bhawarkuan, Indore",6Votes,0731 - 2490162,0731 - 2490162,"Queens Court girls hostel, Natural Corner, 9 ashok nagar, Bhawarkua main road Landmark- PMC bank, opposite - Bharat petrol pump, Near ICICI Bank, Ashok Nagar, Indore, Madhya Pradesh 452001, India",12000,10000,8000,For Girls,NonAC,NonWifi,Mess,Cleaning,Security
Radhika Residency Girls Hostel,Indore,22.694581,75.8680489,"For Girls,NonAC,Wifi,Mess",3.4,"Vijay Nagar Square, Indore",6Votes,0731 - 2363770,9425937700,"12, Vidya Nagar, Indore, Madhya Pradesh 452001, India",4500,4500,4500,For Girls,NonAC,Wifi,Mess,Cleaning,Security
Raghukul For Girls,Indore,22.6970857,75.8771744,"For Girls,NonAC,Wifi,Mess",3.7,"Navlakha, Indore",10Votes,0731 - 2400754,9425314579,"51/2/2, AB Road, Khandelwal Navlakha Road, Near Petrol Pump, behind BCM City, Khandelwal Nagar, Navlakha, Indore, Madhya Pradesh 452001, India",NA,5200,5000,For Girls,NonAC,Wifi,Mess,Cleaning,Security
Ratan Hostel,Indore,22.6901345,75.8676187,"For Boys,AC,Wifi,Mess",4.5,"Bhawarkuan, Indore",8Votes,9425054749,9826082392,"124, Indrapuri Colony Main Rd, Indrapuri Colony, Bhanwar Kuwa, Indore, Madhya Pradesh 452001, India",10000,6500,5000,For Boys,AC,Wifi,Mess,Cleaning,Security
Ratnadevi Girl's Hostel,Indore,22.6900329,75.8679331,"For Girls,NonAC,Wifi,Mess",4.6,"Bhawarkuan, Indore",10Votes,0731 - 2400754,9425314579,"133, Indrapuri Colony Main Rd, Indrapuri Colony, Bhanwar Kuwa, Indore, Madhya Pradesh 452014, India",9000,7000,6500,For Girls,NonAC,Wifi,Mess,Cleaning,Security
Riddhi Siddhi For Girls,Indore,22.7129216,75.8751092,"For Girls,NonAC,Wifi,Mess",2.9,"Madhumilan Square, Indore",7Votes,0731 - 3200552,0731 - 3200552,"UG 11 Riddhi Siddhi tower, 151, RNT Marg, near LIC office, Opp. Dawa Bazar, Chhawni, Indore, Madhya Pradesh 452001, India",NA,5000,4700,For Girls,NonAC,Wifi,Mess,Cleaning,Security
S B For Boys,Indore,22.6323173,75.8085166,"For Boys,NonAC,Wifi,Mess",3.4,"Rajendra Nagar, Indore",10Votes,9303797324,9329601998,"97, AB Rd, Rau, Indore, Madhya Pradesh 453331, India",NA,6000,5500,For Boys,NonAC,Wifi,Mess,Cleaning,Security
S B For Boys,Indore,22.6646664,75.8268243,"For Boys,NonAC,Wifi,Mess",3.4,"Rajendra Nagar, Indore",7Votes,9303797324,9303797324,"1A, AB Rd, Rajendra Nagar, Indore, Madhya Pradesh 452012, India",NA,3500,3000,For Boys,NonAC,Wifi,Mess,Cleaning,Security
S M J For Girls,Indore,22.7605209,75.9125018,"For Girls,NonAC,Wifi,Mess",3.1,"Bombay Hospital, Indore",9Votes,0731 - 2557544,7566566878,"QW67+622, Mahalaxmi Nagar, Indore, Madhya Pradesh 452010, India",NA,6000,NA,For Girls,NonAC,Wifi,Mess,Cleaning,Security
Sai Ashray For Girls,Indore,22.7577065,75.9145344,"For Girls,NonAC,Wifi,Mess",2.9,"Bombay Hospital, Indore",7Votes,9425056448,9827097623,"near Bombay Hospital, Sector R, Mahalaxmi Nagar, Indore, Madhya Pradesh 452010, India",NA,NA,2500,For Girls,NonAC,Wifi,Mess,Cleaning,Security
Sai Ashray For Girls,Indore,22.7379359,75.8925957,"For Girls,NonAC,Wifi,Mess",3.1,"Press Complex, Indore",19Votes,0731 - 4215388,9827272104,"301, 3rd Floor, Swadesh Bhawan, AB Rd, Near Dainik Bhaskar Press, Swadesh Bhavan, Press Complex, Indore, Madhya Pradesh 452008, India",NA,NA,4800,For Girls,NonAC,Wifi,Mess,Cleaning,Security
Sai Kripa For Boys,Indore,22.7174885,75.8959749,"For Boys,NonAC,Wifi,Mess",3.3,"New Palasia, Indore",6Votes,9302128046,9993598055,"12, Bhaktavar Ram Nagar Rd, Near Salasar Balaji Mandir, Tilak Nagar Extension, Tilak Nagar, Indore, Madhya Pradesh 452018, India",NA,6000,5000,For Boys,NonAC,Wifi,Mess,Cleaning,Security
Sai Kripa For Girls,Indore,22.7136773,75.873366,"For Girls,NonAC,Wifi,Mess",3.1,"Madhumilan Square, Indore",15Votes,9302128046,9993598055,"Near Hanuman Mandir Madhu Milan Square, Kibe Compound, Chhoti Gwaltoli, Indore, Madhya Pradesh 452001, India",NA,NA,5000,For Girls,NonAC,Wifi,Mess,Cleaning,Security
Sainath For Girls,Indore,22.7174505,75.8901815,"For Girls,NonAC,Wifi,Mess",3.7,"Geeta Bhawan, Indore",7Votes,9407152219,9407152219,"9C, Geeta Bhavan, Seva Sardar Nagar, Indore, Madhya Pradesh 452001, India",7000,6000,5500,For Girls,NonAC,Wifi,Mess,Cleaning,Security
Sapphire For Girls,Indore,22.6989386,75.8639773,"For Girls,NonAC,Wifi,Mess",3.1,"Tower Square, Indore",7Votes,0731 - 4080029,0731 - 4080029,"908, Swami Pritamdas marg Tower Square, Opp Old Arti Sweets, next to Pishori Dhaba, Khatiwala Tank, Indore, Madhya Pradesh 452001, India","5,400","5,000","4,800",For Girls,NonAC,Wifi,Mess,Cleaning,Security
Saraswati For Girls,Indore,22.7208318,75.8719937,"For Girls,NonAC,Wifi,Mess",2.3,"Reagal Square, Indore",7Votes,8109779026,8109779026,"16, 1, Dhenu Market Rd, Nehru Park 2, rigal, Indore, Madhya Pradesh 452003, India",NA,2600,2500,For Girls,NonAC,Wifi,Mess,Cleaning,Security
Satguru Girls Hostel,Indore,22.6955838,75.8680809,"For Girls,NonAC,NonWifi,Mess",3.4,"Bhawarkuan, Indore",8Votes,0731 - 4031050,0731 - 4031050,"001, Bhawarkua Main Rd, Vidya Nagar, Indore, Madhya Pradesh 452001, India",14000,7000,6000,For Girls,NonAC,NonWifi,Mess,Cleaning,Security
Satkaar Boys Hostel,Indore,22.6878949,75.8641184,"For Boys,AC,Wifi,Mess",3.75,"Bhawarkuan, Indore",7Votes,7747858700,7747858700,"47, Anantpuri Colony, Indrapuri Colony, Bhanwar Kuwa, Indore, Madhya Pradesh 452014, India",6000,5000,4500,For Boys,AC,Wifi,Mess,Cleaning,Security
Satkar Boys Hostel,Indore,22.6948594,75.8666709,"For Boys,NonAC,Wifi,Mess",3.915,"Bhawarkuan, Indore",7Votes,8370000930,8839048424,"19-20, Bhawarkua Main Road Professor's Colony,Near Kesar Sarees, opposite Apple Hospital, Bhanwar Kuwa, Indore, Madhya Pradesh 452001, India",9000,7000,5500,For Boys,NonAC,Wifi,Mess,Cleaning,Security
Satkar For Boys,Indore,22.693412,75.881424,"For Boys,NonAC,Wifi,Mess",2.9,"Navlakha, Indore",9Votes,7566661404,8982830392,"163, Nemawar Rd, Shivmoti Nagar, Navlakha, Indore, Madhya Pradesh 452001, India",NA,4000,3800,For Boys,NonAC,Wifi,Mess,Cleaning,Security
Satkar For Boys,Indore,22.7008461,75.875687,"For Boys,NonAC,Wifi,Mess",3.4,"Navlakha, Indore",5Votes,7566661404,8982830392,"4, Bus Stand, 20, Navlakha Rd, Infront of, Maa Durga Nagar, Navlakha, Indore, Madhya Pradesh 452001, India",NA,NA,"4,000",For Boys,NonAC,Wifi,Mess,Cleaning,Security
Satkar For Girls,Indore,22.690046,75.8650676,"For Girls,NonAC,Wifi,Mess",3,"Bhawarkuan, Indore",7Votes,7566661404,8982830392,"25, Piplia Rao, AB Rd, opposite of Medi Square Hospital, Bhanvarkuan, Indrapuri Colony, Bhanwar Kuwa, Indore, Madhya Pradesh 460447, India",NA,4800,4500,For Girls,NonAC,Wifi,Mess,Cleaning,Security
Satkar For Girls,Indore,22.691486,75.8627395,"For Girls,NonAC,Wifi,Mess",2.7,"Bhawarkuan, Indore",6Votes,9109999706,9575366000,"196, Vishnupuri Nx Colony, Vishnu Puri Colony, Indore, Madhya Pradesh 452001, India",NA,5000,4000,For Girls,NonAC,Wifi,Mess,Cleaning,Security
Satkar For Girls,Indore,22.693736,75.8814401,"For Girls,NonAC,Wifi,Mess",4.1,"Navlakha, Indore",15Votes,7566661404,8982830392,"269, 14/1, Sajan Nagar, navalakha, Madhya Pradesh 452001, India",NA,4500,4000,For Girls,NonAC,Wifi,Mess,Cleaning,Security
Satkar For Girls,Indore,22.6978542,75.8697827,"For Girls,NonAC,Wifi,Mess",3.6,"Sapna Sangeeta Road, Indore",7Votes,7566661404,8982830392,"165, Baghwadeen Nagar, Janki Nagar Extension, Vidya Nagar, Indore, Madhya Pradesh 452001, India",5000,4800,4500,For Girls,NonAC,Wifi,Mess,Cleaning,Security
Satkar For Girls,Indore,22.6968585,75.8683671,"For Girls,NonAC,Wifi,Mess",4.5,"Sapna Sangeeta Road, Indore",8Votes,7566661404,8982830092,"177, Vidya Nagar, Indore, Madhya Pradesh 452001, India",NA,"5,500","5,000",For Girls,NonAC,Wifi,Mess,Cleaning,Security
Satkar girls hostel,Indore,22.6851667,75.8693719,"For Girls,AC,Wifi,Mess",4,"Bhawarkuan, Indore",7Votes,9300832533,9302113353,"Indrapuri Colony, Bhanwar Kuwa, Indore, Madhya Pradesh, India",12000,7000,6500,For Girls,AC,Wifi,Mess,NA,NA
Satkar Girls Hostels Campus-07,Indore,22.6914213,75.8651815,"For Girls,AC,Wifi,Mess",4.8,"Bhawarkuan, Indore",8Votes,0731 - 4075559,9755588862,"59, Siddharth Nagar, Indore, Madhya Pradesh 452014, India",12000,6500,6000,For Girls,AC,Wifi,Mess,Cleaning,Security
Satkar Suvidha For Girls,Indore,22.6893995,75.8655368,"For Girls,NonAC,Wifi,Mess",3.4,"Bhawarkuan, Indore",9Votes,9826601579,8109110340,"160/2, Ahilya Puri, Indrapuri Colony, Colony, Indore, Madhya Pradesh 452001, India",NA,NA,5000,For Girls,NonAC,Wifi,Mess,Cleaning,Security
Satkar Suvidha For Girls,Indore,22.6841706,75.8640829,"For Girls,NonAC,Wifi,Mess",3,"Bhawarkuan, Indore",7Votes,9826601579,8109110340,"36/2, Bholaram Ustad Marg, Brahmapuri Colony, Shivampuri Colony, Indore, Madhya Pradesh 452001, India",NA,4500,4000,For Girls,NonAC,Wifi,Mess,Cleaning,Security
Satkar Suvidha For Girls,Indore,22.6885487,75.8671628,"For Girls,NonAC,Wifi,Mess",2.8,"Bhawarkuan, Indore",6Votes,9826601579,8109110340,"Indrapuri Colony Main Rd, Indrapuri Colony, Bhanwar Kuwa, Indore, Madhya Pradesh 452014, India",7500,6000,5500,For Girls,NonAC,Wifi,Mess,Cleaning,Security
SD For Girls,Indore,22.7124967,75.8794448,"For Girls,NonAC,Wifi,Mess",3.2,"M Y Hospital, Indore",6Votes,0731 - 2702182,9425955930,"Shop No. 37, MY Hospital Rd, Jaora Compund,Dalson Chambers, CRP Line, South Tukoganj, Tukoganj, Indore, Madhya Pradesh 452001, India","8,000","6,500",5500,For Girls,NonAC,Wifi,Mess,Cleaning,Security
Seekers Girls Accommodation,Indore,22.7232923,75.8879573,"For Girls,NonAC,Wifi,Mess",3,"Old Palasia, Indore",5Votes,0731 - 2490999,9893873180,"Old Palasiya 25, Mahatma Gandhi Rd, Old Palasiya, New Palasia Extension, Indore, Madhya Pradesh 452001, India",NA,"5,000","4,700",For Girls,NonAC,Wifi,Mess,Cleaning,Security
Shakuntla For Girls,Indore,22.6867358,75.8655812,"For Girls,NonAC,Wifi,Mess",3.4,"Bhawarkuan, Indore",7Votes,9893166165,9753155637,"16 b, Bhawarkua Main Rd, near Hello Point, Brahmapuri Colony, Bhanwar Kuwa, Indore, Madhya Pradesh 452001, India",NA,NA,NA,For Girls,NonAC,Wifi,Mess,Cleaning,Security
Shanti Niketan Girls Hostel,Indore,22.6949206,75.8665044,"For Girls,AC,Wifi,Mess",3.8,"Bhawarkuan, Indore",9Votes,9009233916,9009233916,"158, Bhawarkua Main Rd, Ashok Nagar, Indore, Madhya Pradesh 452001, India",9000,6500,6000,For Girls,AC,Wifi,Mess,Cleaning,Security
Sharda Kunj,Indore,22.7220514,75.8618483,"For Girls,NonAC,Wifi,Mess",2.5,"Jail Road, Indore",2Votes,0731 - 2543441,9425954758,"Kachhi Mohalla, Jail Road, Jail Road, Indore GPO, Indore, Madhya Pradesh 452003, India",NA,NA,"1,700",For Girls,NonAC,Wifi,Mess,Cleaning,Security
Shivalay For Boys,Indore,22.7628003,75.8824259,"For Boys,NonAC,Wifi,Mess",4.6,"Vijay Nagar, Indore",9Votes,9993773990,9993773990,"Plot No 5, near Life Care Hospital, Scheme Number 78, Part II, Vijay Nagar, Indore, Madhya Pradesh 452010, India",9000,6500,6000,For Boys,NonAC,Wifi,Mess,Cleaning,Security
Shivalya For Girls,Indore,22.7143561,75.8890087,"For Girls,NonAC,Wifi,Mess",3.4,"Geeta Bhawan, Indore",5Votes,0731 - 2497225,0731 - 2497225,"PV7Q+PJR, Lalaram Nagar, Indore, Madhya Pradesh 452001, India",NA,5000,"4,500",For Girls,NonAC,Wifi,Mess,Cleaning,Security
Shivani For Girls,Indore,22.7110389,75.8756442,"For Girls,NonAC,Wifi,Mess",3,"Madhumilan Square, Indore",7Votes,8103313325,8103313325,"200, RNT Marg, opposite no 2 school, Chhawni, Indore, Madhya Pradesh 452001, India",NA,NA,"4,300",For Girls,NonAC,Wifi,Mess,Cleaning,Security
Shivay Girls Hostel,Indore,22.6845065,75.8644601,"For Girls,NonAC,Wifi,Mess",3.9,"Bhawarkuan, Indore",6Votes,8349908802,7509068665,"Bhawarkua, Shivampuri Colony, Indore, Madhya Pradesh 452014, India",11000,7000,5500,For Girls,NonAC,Wifi,Mess,Cleaning,Security
Shivgaurika For Girls,Indore,22.750774,75.8992038,"For Girls,NonAC,Wifi,Mess",4.5,"Vijay Nagar, Indore",3Votes,0731 - 4967412,9827222348,"142, Bhagyashree Colony, Indore, Madhya Pradesh 452010, India",NA,6500,6000,For Girls,NonAC,Wifi,Mess,Cleaning,Security
Shradha For Girls,Indore,22.7597466,75.8672071,"For Girls,NonAC,Wifi,Mess",4,"Veena Nagar, Indore",8Votes,731 - 2456788,731 - 2456788,"28, Veena Nagar Main Rd, Veena Nagar, Sukhlia, Indore, Madhya Pradesh 452003, India",10000,6000,5500,For Girls,NonAC,Wifi,Mess,Cleaning,Security
Shradha Girls Residency,Indore,22.6919473,75.8660795,"For Girls,NonAC,Wifi,Mess",2.6,"Bhawarkuan, Indore",10Votes,9009076111,9926146876,"2-3, Scheme No. 44, Bhawarkua Square, AB Rd, Vishnu Puri Colony, Indore, Madhya Pradesh 452001, India",NA,5200,4800,For Girls,NonAC,Wifi,Mess,Cleaning,Security
Shree Awesome For Boys,Indore,22.6841316,75.8642088,"For Boys,NonAC,Wifi,Mess",3.5,"Bhawarkuan, Indore",23Votes,9993332176,9981912176,"1, AB Rd, Opposite Pipliyana, Near Brahampuri Colony, Shivampuri Colony, Indore, Madhya Pradesh 452001, India",NA,NA,5000,For Boys,NonAC,Wifi,Mess,Cleaning,Security
Shree Balaji Homes,Indore,22.6934813,75.86727,"For Boys,NonAC,Wifi,Mess",3.5,"Bhawarkuan, Indore",7Votes,731 - 2456788,731 - 2456788,"Bhawarkua Main Rd, Aditya Nagar, Vishnu Puri Colony, Indore, Madhya Pradesh, India",7500,6500,6000,For Boys,NonAC,Wifi,Mess,Cleaning,Security
Shree balaji homes girls hostel,Indore,22.691486,75.8627395,"For Boys,NonAC,Wifi,Mess",3.5,"Bhawarkuan, Indore",8Votes,9425054749,9826082392,"196, Vishnupuri Nx Colony, Vishnu Puri Colony, Indore, Madhya Pradesh 452001, India",7000,6500,6000,For Boys,NonAC,Wifi,Mess,Cleaning,Security
Shree Kripa For Girls,Indore,22.7614058,75.8871407,"For Girls,NonAC,Wifi,Mess",3.8,"Scheme No. 78 - Part II, Indore",6Votes,9826200094,7771000231,"5, Scheme 78, Main Rd, opp. Prestige Engg. College, Scheme Number 78, Part II, Vijay Nagar, Indore, Madhya Pradesh 452010, India",NA,6400,6000,For Girls,NonAC,Wifi,Mess,Cleaning,Security
Shree Mahaveer For Girls,Indore,22.7148731,75.8898845,"For Girls,NonAC,Wifi,Mess",3.4,"Geeta Bhawan, Indore",9Votes,0731 - 2493533,9425319255,"Geeta Bhavan, Indore, Madhya Pradesh 452001, India",NA,NA,"4,500",For Girls,NonAC,Wifi,Mess,Cleaning,Security
Shree Mangal For Girls,Indore,22.7171592,75.8821379,"For Girls,NonAC,Wifi,Mess",3.3,"Geeta Bhawan, Indore",8Votes,9827690417,9589337218,"4a, Ratlam Kothi, Indore, Madhya Pradesh 452001, India",NA,NA,"5,500",For Girls,NonAC,Wifi,Mess,Cleaning,Security
Shree Paras Deep For Girls,Indore,22.7496476,75.8955032,"For Girls,NonAC,Wifi,Mess",2.9,"Vijay Nagar, Indore",8Votes,0731 - 2493272,0731 - 2493272,"P4, Ground Floor, Shagun Building, AB Road, Scheme No.54, Vijay Nagar Square, Ratna Lok Colony, Indore, Madhya Pradesh 452011, India",NA,5000,NA,For Girls,NonAC,Wifi,Mess,Cleaning,Security
Shree Ram Group Of Hostel,Indore,22.6323231,75.8082207,"For Boys,NonAC,Wifi,Mess",3.2,"Rau, Indore",6Votes,0731 - 4031050,0731 - 4031050,"Shop no G1, Ground Floor, PRK Residency, Rau, Indore, Madhya Pradesh 453331, India",NA,1650,NA,For Boys,NonAC,Wifi,Mess,Cleaning,Security
Shree Ram Nilay For Girls,Indore,22.7577182,75.9061604,"For Girls,NonAC,Wifi,Mess",5,"Vijay Nagar, Indore",1Vote,8770031480,8770031480,"23 Near Bombay Hospital, Veena Nagar, Indore, Madhya Pradesh 452010, India",NA,4000,3500,For Girls,NonAC,Wifi,Mess,Cleaning,Security
Shree Sahaj For Girls,Indore,22.7129405,75.875325,"For Girls,NonAC,Wifi,Mess",3,"Madhumilan Square, Indore",8Votes,9755594943,9755594943,"199, Rabindranath Tagore Marg, Opp. Dawa Bazar, Murai Mohalla, Kibe Compound, Indore, Madhya Pradesh 452001, India",7000,5500,5000,For Girls,NonAC,Wifi,Mess,Cleaning,Security
Shree Shree Kripa For Girls,Indore,22.7552708,75.8967026,"For Girls,NonAC,Wifi,Mess",2.3,"Satya Sai Square, Indore",7Votes,9039393789,9584327237,"BRTS Indore, Scheme No 74, Scheme 54 PU4, Indore, Madhya Pradesh 452010, India","8,500","5,800","5,400",For Girls,NonAC,Wifi,Mess,Cleaning,Security
Shree Sudha For Girls,Indore,22.6568749,75.8859585,"For Girls,NonAC,Wifi,Mess",2.8,"Chhawani, Indore",5Votes,9039393789,8982000663,"6, 8, Ushaganj, Chhawni, Indore, Madhya Pradesh 452001, India",NA,"5,400","5,000",For Girls,NonAC,Wifi,Mess,Cleaning,Security
Shree Vallabh Girls Hostel / PG For Girls & Working Professionals,Indore,22.6834928,75.8599382,"For Girls,AC,Wifi,Mess",3.95,"Bhawarkuan, Indore",5Votes,0731 - 4080029,0731 - 4080029,"B1-2, Sarvanand Nagar, Near Meera Garden Near Bhanwarkua Square, Near Mata Gujri College, Sarvanand Nagar, Pipliya Rao, Indore, Madhya Pradesh 452007, India",9000,6000,5500,For Girls,AC,Wifi,Mess,NA,NA
Shree villa girls hostel,Indore,22.7679065,75.895539,"For Girls,NonAC,Wifi,Mess",3.7,"Vijay Nagar, Indore",7Votes,7771000234,7771000231,"1140, New road, Part I, Vijay Nagar, Indore, Madhya Pradesh 452010, India",9000,6500,6000,For Girls,NonAC,Wifi,Mess,Cleaning,Security
Shree Vinayak For Boys,Indore,22.7302108,75.8976667,"For Boys,NonAC,Wifi,Mess",2.3,"Anand Bazar, Indore",6Votes,9300832533,9302113353,"50, Shree Nagar Ext, Shree Nagar, Indore, Madhya Pradesh 452010, India",6500,5000,4700,For Boys,NonAC,Wifi,Mess,Cleaning,Security
Shri Ganesh Vatika For Girls,Indore,22.686373,75.8682617,"For Girls,NonAC,Wifi,Mess",3.3,"Bhawarkuan, Indore",6Votes,0731 - 4257838,0731 - 4257838,"163, Bhawarkua Main Rd, Indrapuri Colony, Bhanwar Kuwa, Indore, Madhya Pradesh 452001, India",5500,3500,2900,For Girls,NonAC,Wifi,Mess,Cleaning,Security
Shri Ram Manglik Bhawan (Boys),Indore,22.723148,75.863427,"For Boys,NonAC,Wifi,Mess",2.6,"M G Road, Indore",9Votes,0731 - 2532393,0731 - 2532393,"25/1, Kachi Mohalla, Jail Road, Indore, Madhya Pradesh 452001, India",10000,6000,5500,For Boys,NonAC,Wifi,Mess,Cleaning,Security
Shri Sai Girls Hostal,Indore,22.7332422,75.8915273,"For Girls,NonAC,Wifi,Mess",3.3,"LIG Square, Indore",7Votes,9626804900,9584718103,"86, LIG Link Rd, Anoop Nagar, Indore, Madhya Pradesh 452011, India",NA,NA,3700,For Girls,NonAC,Wifi,Mess,Cleaning,Security
Siddharth For Girls,Indore,22.6905323,75.86456,"For Girls,NonAC,Wifi,Mess",3,"Bhawarkuan, Indore",7Votes,7697381789,9425075198,"9, Vishnupuri, Bhanwarkua Square, AB Rd, Vishnupuri, Indore, Madhya Pradesh 452001, India",NA,NA,"4,200",For Girls,NonAC,Wifi,Mess,Cleaning,Security
Siddharth Girls Hostel,Indore,22.692634,75.8642689,"For Girls,NonAC,Wifi,Mess",4,"Bhawarkuan, Indore",10Votes,9009076111,9926146876,"115, Vishnu Puri Colony, Indore, Madhya Pradesh 452014, India",13000,8000,5000,For Girls,NonAC,Wifi,Mess,NA,NA
Siddhi Vinayak For Boys,Indore,22.7253496,75.9001545,"For Boys,NonAC,Wifi,Mess",3.8,"Saket Nagar, Indore",8Votes,731 - 2575688,731 - 2575688,"1321 2, 2, Gulmohar Colony, Manish Puri, Indore, Madhya Pradesh 452018, India",NA,5000,4500,For Boys,NonAC,Wifi,Mess,Cleaning,Security
Sita Bhavan For Girls,Indore,22.7040925,75.873473,"For Girls,NonAC,Wifi,Mess",3,"Navlakha, Indore",8Votes,0731 - 2400052,2401636,"25, Chhawni Rd, Nagar Nigam Market, Agrasen Chouraha, Agrasen Square, Navlakha, Indore, Madhya Pradesh 452001, India",NA,5500,5300,For Girls,NonAC,Wifi,Mess,Cleaning,Security
Sitashree Girls Hostel,Indore,22.6889292,75.8655849,"For Girls,NonAC,NonWifi,Mess",4.1,"Bhawarkuan, Indore",8Votes,9826226930,9826226930,"7, next to Mr. Madhu Verma House, Ahilya Puri, Indrapuri Colony, Bhanwar Kuwa, Indore, Madhya Pradesh 452001, India",12000,8000,6500,For Girls,NonAC,NonWifi,Mess,Cleaning,Security
Soham Girls Hostel,Indore,22.6945011,75.8672102,"For Boys,AC,Wifi,Mess",3.8,"Bhawarkuan, Indore",7Votes,9752111118,9630784804,"29, 30, Bhawarkua Main Rd, near Devi Ahilya Girls Hostel, Professor Colony, Indore, Madhya Pradesh 452010, India",12000,8000,7800,For Boys,AC,Wifi,Mess,Cleaning,Security
Sri Ji For Boys,Indore,22.7114578,75.872095,"For Boys,NonAC,Wifi,Mess",3.3,"Chhawani, Indore",6Votes,9669247111,9302080479,"Shyam Sangam Rd, Murai Mohalla, Chhawni, Indore, Madhya Pradesh 452001, India",NA,1500,1500,For Boys,NonAC,Wifi,Mess,Cleaning,Security
Sukhmani Boys Hostel,Indore,22.6930286,75.8650958,"For Boys,NonAC,NonWifi,NA",4,"Bhawarkuan, Indore",6Votes,0731 - 4967412,9827222348,"31-32, Bhawarkua Main Rd, Sch. 44-B, Sidharth Nagar, Aditya Nagar, Vishnu Puri Colony, Indore, Madhya Pradesh 452001, India",3500,3000,3000,For Boys,NonAC,NonWifi,NA,Cleaning,Security
Sunita PG Girls,Indore,22.7095017,75.8766738,"For Girls,NonAC,Wifi,Mess",3,"Chhawani, Indore",7Votes,0731 - 2703981,4289914,"10, 7, Ushaganj, Chhawni, Indore, Madhya Pradesh 452001, India",NA,"3,600","3,300",For Girls,NonAC,Wifi,Mess,Cleaning,Security
Sunrise For Boys,Indore,22.7210099,75.8721525,"For Boys,NonAC,Wifi,Mess",3.7,"Reagal Square, Indore",5Votes,9893064000,9893064000,"9, Near Regal, Dhenu Market Rd, Nehru Park 2, Dhenu Market, Indore, Madhya Pradesh 452003, India",NA,5000,,For Boys,NonAC,Wifi,Mess,Cleaning,Security
Suyug Girls Hostel,Indore,22.756664,75.8866633,"For Girls,NonAC,NonWifi,Mess",3.6,"Vijay Nagar, Indore",9Votes,9893166165,9753155637,"F-9, Scheme No 54, Ganesh Nagar, Vijay Nagar, Indore, Madhya Pradesh 452010, India",9500,7500,5500,For Girls,NonAC,NonWifi,Mess,Cleaning,Security
Swastik For Girls,Indore,22.6961754,75.8801574,"For Girls,NonAC,Wifi,Mess",2.7,"Navlakha, Indore",6Votes,9826018845,8085209125,"14 Nemawar Road, Navlakha Rd, Prakash Nagar, Indore, Madhya Pradesh 452001, India",NA,4700,4300,For Girls,NonAC,Wifi,Mess,Cleaning,Security
The Sky For Boys,Indore,22.7645437,75.8750364,"For Boys,NonAC,Wifi,Mess",3.2,"Bapat Square, Indore",5Votes,9926784088,9926784088,"Unnamed Road, Row House, Royal Bungalow, Sukhlia, Indore, Madhya Pradesh 452010, India",NA,NA,4000,For Boys,NonAC,Wifi,Mess,Cleaning,Security
Turning Point For Girls,Indore,22.7560057,75.906392,"For Girls,NonAC,Wifi,Mess",3.4,"Bombay Hospital, Indore",7Votes,0731 - 2573366,9425060793,"156, Chikitsak Nagar, Indore, Madhya Pradesh 452010, India",NA,5000,4500,For Girls,NonAC,Wifi,Mess,Cleaning,Security
Uday For Boys,Indore,22.7204271,75.8908611,"For Boys,NonAC,Wifi,Mess",3.2,"Geeta Bhawan, Indore",6Votes,8349908802,7509068665,"55, Shanti Nagar, Manoramaganj, Geeta Bhawan Mandir, near Palasiya, Shanti Nagar, Indore, Madhya Pradesh 452001, India",NA,4000,NA,For Boys,NonAC,Wifi,Mess,Cleaning,Security
Umashree For Girls,Indore,22.7114578,75.872095,"For Girls,NonAC,Wifi,Mess",3.3,"Chhawani, Indore",5Votes,0731 - 4237005,0731 - 4237005,"Shyam Sangam Rd, Murai Mohalla, Chhawni, Indore, Madhya Pradesh 452001, India",NA,4000,3800,For Girls,NonAC,Wifi,Mess,Cleaning,Security
Vaidehi Girls Hostel,Indore,22.6911089,75.8614084,"For Girls,NonAC,Wifi,Mess",3.75,"Bhawarkuan, Indore",8Votes,9826601579,8109110340,"88nx, near shivmandir, Bhawarkua, Vishnu Puri Colony, Indore, Madhya Pradesh 452001, India",7000,7000,7000,For Girls,NonAC,Wifi,Mess,Cleaning,Security
Vaishali For Girls,Indore,22.6838763,75.8294243,"For Girls,NonAC,Wifi,Mess",2.8,"Sudama Nagar, Indore",8Votes,9111110516,9111110516,"291, Gopur Square, Pre Conco Nagar, Precanco Colony, Indore, Madhya Pradesh 452012, India",NA,5000,"4,500",For Girls,NonAC,Wifi,Mess,Cleaning,Security
Vaishnu Dham For Boys,Indore,22.7001285,75.8634777,"For Boys,NonAC,Wifi,Mess",2.8,"Bhawarkuan, Indore",8Votes,9009233916,9009233916,"Bhawarkua Main Rd, Indore, Madhya Pradesh, India",3500,2700,NA,For Boys,NonAC,Wifi,Mess,Cleaning,Security
Vardhman For Boys,Indore,22.7128296,75.8753681,"For Boys,NonAC,Wifi,Mess",4.5,"Chhawani, Indore",2Votes,9111110999,9300084888,"Rabindranath Tagore Marg, Opp. Dawa Bazar, Indore, Madhya Pradesh 452001, India",NA,7500,6500,For Boys,NonAC,Wifi,Mess,Cleaning,Security
Vatshaya Girls Hostel,Indore,22.6956541,75.8655628,"For Boys,NonAC,NonWifi,Mess",4,"Bhawarkuan, Indore",7Votes,9926000387,9926000387,"MVW8+768, Transport Nagar, Indore, Madhya Pradesh 452014, India",5000,4500,4000,For Boys,NonAC,NonWifi,Mess,Cleaning,Security
Vidhya Bain Dipchand Mahila Awas Grah,Indore,22.715885,75.844382,"For Girls,NonAC,Wifi,Mess",3,"Jawahar Marg, Indore",7Votes,9826059431,9826059431,"1, 7/1, S Rajmohalla, near Hotel World, Old Rajmohalla, North Rajmohalla, Ward 23, Indore, Madhya Pradesh 452002, India",NA,3000,NA,For Girls,NonAC,Wifi,Mess,Cleaning,Security
VIP Girls Hostel,Indore,22.6957107,75.8662001,"For Girls,AC,Wifi,Mess",4.1,"Bhawarkuan, Indore",7Votes,0731 - 4005438,8103921021,"9, Bhawarkua Main Rd, Tower Chouraha, Ashok Nagar, Indore, Madhya Pradesh 452001, India",12000,7000,6000,For Girls,AC,Wifi,Mess,Cleaning,Security
Viraj girls hostel,Indore,22.6953888,75.8707734,"For Girls,NonAC,Wifi,Mess",4.5,"Bhawarkuan, Indore",15Votes,9893883789,9893362886,"AB Rd, near Bhawarkua, Square, Indore, Madhya Pradesh 452001, India",7000,6500,6000,For Girls,NonAC,Wifi,Mess,Cleaning,Security
Vishalakshi Girls Hostels,Indore,22.6858234,75.8724246,"For Girls,NonAC,Wifi,Mess",4.5,"Bhawarkuan, Indore",7Votes,8889844406,9589500544,"Crystal IT PARK STP-1, Ground Floor, IT/ITES- SEZ, Khandwa Rd, Indra Puri Colony, near Bhawar Kuwan Square, Indrapuri Colony, Bhanwar Kuwa, Indore, Madhya Pradesh 452001, India",10000,7000,6500,For Girls,NonAC,Wifi,Mess,Cleaning,Security
Vishalakshi Girls Hostels,Indore,22.6927876,75.8670118,"For Girls,NonAC,Wifi,Mess",4.3,"Bhawarkuan, Indore",15Votes,9893362886,9893362886,"Bhavarkuan Square, Indore, Madhya Pradesh, India",11000,7500,6500,For Girls,NonAC,Wifi,Mess,Cleaning,Security
VR Boys hostel,Indore,22.7552375,75.9094531,"For Boys,NonAC,Wifi,Mess",3.5,"Bhawarkuan, Indore",5Votes,9893555665,9752173438,"QW45+3QW Indore, Madhya Pradesh, India",9000,7500,6500,For Boys,NonAC,Wifi,Mess,Cleaning,Security
Yadav For Boys,Indore,22.7466615,75.8805366,"For Boys,NonAC,Wifi,Mess",2.5,"LIG Main Road, Indore",8Votes,9827600000,9827600000,"136, Majdur Chowk, Bajrang Nagar, Indore, Madhya Pradesh 452011, India",NA,5000,NA,For Boys,NonAC,Wifi,Mess,Cleaning,Security
Yadav For Boys,Indore,22.77177,75.8933483,"For Boys,NonAC,Wifi,Mess",3,"Satya Sai Square, Indore",5Votes,9827600000,9827600000,"Part I, Scheme No 114, Indore, Madhya Pradesh 452010, India",NA,NA,NA,For Boys,NonAC,Wifi,Mess,Cleaning,Security
Yadav For Boys,Indore,22.7630316,75.8940911,"For Boys,NonAC,Wifi,Mess",4,"Scheme No. 78 - Part I, Indore",7Votes,9827600000,9827600000,"QV7V+6J8, Slice 5, Aranya Nagar, Vijay Nagar, Indore, Madhya Pradesh 452010, India",NA,3400,NA,For Boys,NonAC,Wifi,Mess,Cleaning,Security
Yashasvi Girls Hostel,Indore,22.6868476,75.8689273,"For Girls,NonAC,Wifi,Mess",3.55,"Bhawarkuan, Indore",6Votes,0731 - 4096446,0731 - 4096446,"181, Indrapuri Colony, Indra Puri Colony, Indore, Madhya Pradesh 452014, India",10000,9000,7000,For Girls,NonAC,Wifi,Mess,Cleaning,Security
